Description,Scientific Name,Max Score,Total Score,Query Cover,E value,Per. ident,Acc. Len,Accession  
"Nipah virus N gene, P gene, M gene, F gene, G gene and L gene, isolated from urine of Pteropus vampyrus, genomic RNA",Nipah henipavirus,3341,3341,100%,0.0,100.00,14973,"=HYPERLINK(""https://www.ncbi.nlm.nih.gov/nucleotide/FN869553.1?report=genbank&log$=nucltop&blast_rank=1&RID=76C7Z6ET013"",""FN869553.1"")"
"Nipah virus strain Malaysian glycoprotein (G) gene, complete cds",Nipah henipavirus,3341,3341,100%,0.0,100.00,1809,"=HYPERLINK(""https://www.ncbi.nlm.nih.gov/nucleotide/HM545086.1?report=genbank&log$=nucltop&blast_rank=2&RID=76C7Z6ET013"",""HM545086.1"")"
"Nipah henipavirus isolate 808651, complete genome",Nipah henipavirus,3275,3275,100%,0.0,99.34,18231,"=HYPERLINK(""https://www.ncbi.nlm.nih.gov/nucleotide/MK673562.1?report=genbank&log$=nucltop&blast_rank=3&RID=76C7Z6ET013"",""MK673562.1"")"
"Nipah virus isolate IRF0158, partial genome",Nipah henipavirus,3269,3269,100%,0.0,99.28,18214,"=HYPERLINK(""https://www.ncbi.nlm.nih.gov/nucleotide/KY425655.1?report=genbank&log$=nucltop&blast_rank=4&RID=76C7Z6ET013"",""KY425655.1"")"
"Nipah virus isolate IRF0160, partial genome",Nipah henipavirus,3269,3269,100%,0.0,99.28,18212,"=HYPERLINK(""https://www.ncbi.nlm.nih.gov/nucleotide/KY425646.1?report=genbank&log$=nucltop&blast_rank=5&RID=76C7Z6ET013"",""KY425646.1"")"
"Nipah henipavirus isolate 808652, complete genome",Nipah henipavirus,3269,3269,100%,0.0,99.28,18231,"=HYPERLINK(""https://www.ncbi.nlm.nih.gov/nucleotide/MK673563.1?report=genbank&log$=nucltop&blast_rank=6&RID=76C7Z6ET013"",""MK673563.1"")"
"Nipah henipavirus isolate 808579, complete genome",Nipah henipavirus,3269,3269,100%,0.0,99.28,18234,"=HYPERLINK(""https://www.ncbi.nlm.nih.gov/nucleotide/MK673558.1?report=genbank&log$=nucltop&blast_rank=7&RID=76C7Z6ET013"",""MK673558.1"")"
"Nipah virus isolate UMMC2, complete genome",Nipah henipavirus,3269,3269,100%,0.0,99.28,18246,"=HYPERLINK(""https://www.ncbi.nlm.nih.gov/nucleotide/AY029768.1?report=genbank&log$=nucltop&blast_rank=8&RID=76C7Z6ET013"",""AY029768.1"")"
"Nipah virus isolate UMMC1, complete genome",Nipah henipavirus,3269,3269,100%,0.0,99.28,18246,"=HYPERLINK(""https://www.ncbi.nlm.nih.gov/nucleotide/AY029767.1?report=genbank&log$=nucltop&blast_rank=9&RID=76C7Z6ET013"",""AY029767.1"")"
"Nipah virus, complete genome",Nipah henipavirus,3269,3269,100%,0.0,99.28,18246,"=HYPERLINK(""https://www.ncbi.nlm.nih.gov/nucleotide/AF212302.2?report=genbank&log$=nucltop&blast_rank=10&RID=76C7Z6ET013"",""AF212302.2"")"
"Nipah virus complete genome, isolate NV/MY/99/VRI-0626",Nipah henipavirus,3269,3269,100%,0.0,99.28,18246,"=HYPERLINK(""https://www.ncbi.nlm.nih.gov/nucleotide/AJ627196.1?report=genbank&log$=nucltop&blast_rank=11&RID=76C7Z6ET013"",""AJ627196.1"")"
"Nipah virus complete genome, isolate NV/MY/99/VRI-1413",Nipah henipavirus,3269,3269,100%,0.0,99.28,18246,"=HYPERLINK(""https://www.ncbi.nlm.nih.gov/nucleotide/AJ564622.1?report=genbank&log$=nucltop&blast_rank=12&RID=76C7Z6ET013"",""AJ564622.1"")"
"Nipah virus glycoprotein mRNA, complete cds",Nipah henipavirus,3269,3269,100%,0.0,99.28,2546,"=HYPERLINK(""https://www.ncbi.nlm.nih.gov/nucleotide/AF238467.1?report=genbank&log$=nucltop&blast_rank=13&RID=76C7Z6ET013"",""AF238467.1"")"
"Nipah henipavirus isolate 808589, complete genome",Nipah henipavirus,3264,3264,100%,0.0,99.23,18231,"=HYPERLINK(""https://www.ncbi.nlm.nih.gov/nucleotide/MK673561.1?report=genbank&log$=nucltop&blast_rank=14&RID=76C7Z6ET013"",""MK673561.1"")"
"Nipah henipavirus isolate 808585, complete genome",Nipah henipavirus,3264,3264,100%,0.0,99.23,18231,"=HYPERLINK(""https://www.ncbi.nlm.nih.gov/nucleotide/MK673560.1?report=genbank&log$=nucltop&blast_rank=15&RID=76C7Z6ET013"",""MK673560.1"")"
"Nipah henipavirus isolate 808581, complete genome",Nipah henipavirus,3264,3264,100%,0.0,99.23,18231,"=HYPERLINK(""https://www.ncbi.nlm.nih.gov/nucleotide/MK673559.1?report=genbank&log$=nucltop&blast_rank=16&RID=76C7Z6ET013"",""MK673559.1"")"
"Nipah virus complete genome, isolate NV/MY/99/UM-0128",Nipah henipavirus,3264,3264,100%,0.0,99.23,18246,"=HYPERLINK(""https://www.ncbi.nlm.nih.gov/nucleotide/AJ564623.1?report=genbank&log$=nucltop&blast_rank=17&RID=76C7Z6ET013"",""AJ564623.1"")"
"Nipah virus complete genome, isolate NV/MY/99/VRI-2794",Nipah henipavirus,3264,3264,100%,0.0,99.23,18246,"=HYPERLINK(""https://www.ncbi.nlm.nih.gov/nucleotide/AJ564621.1?report=genbank&log$=nucltop&blast_rank=18&RID=76C7Z6ET013"",""AJ564621.1"")"
"Nipah virus nucleocapsid protein (N), V protein (P/V/C), phosphoprotein (P/V/C), C protein (P/V/C), matrix protein (M), fusion protein (F), and glycoprotein (G) genes, complete cds",Nipah henipavirus,3258,3258,100%,0.0,99.17,11200,"=HYPERLINK(""https://www.ncbi.nlm.nih.gov/nucleotide/AF376747.1?report=genbank&log$=nucltop&blast_rank=19&RID=76C7Z6ET013"",""AF376747.1"")"
"Nipah henipavirus isolate CSUR381, complete genome",Nipah henipavirus,3164,3164,100%,0.0,98.23,18246,"=HYPERLINK(""https://www.ncbi.nlm.nih.gov/nucleotide/MK801755.1?report=genbank&log$=nucltop&blast_rank=20&RID=76C7Z6ET013"",""MK801755.1"")"
"Nipah virus isolate NiV/KHM/CSUR381 glycoprotein gene, complete cds",Nipah henipavirus,3164,3164,100%,0.0,98.23,1809,"=HYPERLINK(""https://www.ncbi.nlm.nih.gov/nucleotide/AY858111.1?report=genbank&log$=nucltop&blast_rank=21&RID=76C7Z6ET013"",""AY858111.1"")"
"Nipah henipavirus isolate 810398, complete genome",Nipah henipavirus,2665,2665,100%,0.0,93.26,18240,"=HYPERLINK(""https://www.ncbi.nlm.nih.gov/nucleotide/MK673564.1?report=genbank&log$=nucltop&blast_rank=22&RID=76C7Z6ET013"",""MK673564.1"")"
"Nipah virus from Bangladesh, complete genome",Nipah henipavirus,2665,2665,100%,0.0,93.26,18252,"=HYPERLINK(""https://www.ncbi.nlm.nih.gov/nucleotide/AY988601.1?report=genbank&log$=nucltop&blast_rank=23&RID=76C7Z6ET013"",""AY988601.1"")"
"Nipah henipavirus isolate 201206008, complete genome",Nipah henipavirus,2660,2660,100%,0.0,93.20,18219,"=HYPERLINK(""https://www.ncbi.nlm.nih.gov/nucleotide/MK673577.1?report=genbank&log$=nucltop&blast_rank=24&RID=76C7Z6ET013"",""MK673577.1"")"
"Nipah henipavirus isolate 201200920, complete genome",Nipah henipavirus,2660,2660,100%,0.0,93.20,18205,"=HYPERLINK(""https://www.ncbi.nlm.nih.gov/nucleotide/MK673574.1?report=genbank&log$=nucltop&blast_rank=25&RID=76C7Z6ET013"",""MK673574.1"")"
"Nipah henipavirus isolate 201200919, complete genome",Nipah henipavirus,2660,2660,100%,0.0,93.20,18236,"=HYPERLINK(""https://www.ncbi.nlm.nih.gov/nucleotide/MK673573.1?report=genbank&log$=nucltop&blast_rank=26&RID=76C7Z6ET013"",""MK673573.1"")"
"Nipah henipavirus isolate 201200905, partial genome",Nipah henipavirus,2660,2660,100%,0.0,93.20,18105,"=HYPERLINK(""https://www.ncbi.nlm.nih.gov/nucleotide/MK673572.1?report=genbank&log$=nucltop&blast_rank=27&RID=76C7Z6ET013"",""MK673572.1"")"
"Nipah henipavirus isolate 201200903, complete genome",Nipah henipavirus,2660,2660,100%,0.0,93.20,18240,"=HYPERLINK(""https://www.ncbi.nlm.nih.gov/nucleotide/MK673571.1?report=genbank&log$=nucltop&blast_rank=28&RID=76C7Z6ET013"",""MK673571.1"")"
"Nipah henipavirus isolate 811373, complete genome",Nipah henipavirus,2660,2660,100%,0.0,93.20,18237,"=HYPERLINK(""https://www.ncbi.nlm.nih.gov/nucleotide/MK673568.1?report=genbank&log$=nucltop&blast_rank=29&RID=76C7Z6ET013"",""MK673568.1"")"
"Nipah henipavirus isolate 810482, complete genome",Nipah henipavirus,2660,2660,100%,0.0,93.20,18245,"=HYPERLINK(""https://www.ncbi.nlm.nih.gov/nucleotide/MK673567.1?report=genbank&log$=nucltop&blast_rank=30&RID=76C7Z6ET013"",""MK673567.1"")"
"Nipah henipavirus isolate 810428, complete genome",Nipah henipavirus,2660,2660,100%,0.0,93.20,18240,"=HYPERLINK(""https://www.ncbi.nlm.nih.gov/nucleotide/MK673566.1?report=genbank&log$=nucltop&blast_rank=31&RID=76C7Z6ET013"",""MK673566.1"")"
"Nipah henipavirus isolate 810405, complete genome",Nipah henipavirus,2654,2654,100%,0.0,93.15,18235,"=HYPERLINK(""https://www.ncbi.nlm.nih.gov/nucleotide/MK673565.1?report=genbank&log$=nucltop&blast_rank=32&RID=76C7Z6ET013"",""MK673565.1"")"
"Nipah virus isolate NIVBGD2010FARIDPUR, partial genome",Nipah henipavirus,2654,2654,100%,0.0,93.15,18167,"=HYPERLINK(""https://www.ncbi.nlm.nih.gov/nucleotide/JN808864.1?report=genbank&log$=nucltop&blast_rank=33&RID=76C7Z6ET013"",""JN808864.1"")"
"Nipah henipavirus strain NiV/BD/P.medius/EHA/2013/Raypur1410, complete genome",Nipah henipavirus,2649,2649,100%,0.0,93.09,18234,"=HYPERLINK(""https://www.ncbi.nlm.nih.gov/nucleotide/MK575068.1?report=genbank&log$=nucltop&blast_rank=34&RID=76C7Z6ET013"",""MK575068.1"")"
"Nipah henipavirus strain NiV/BD/P.medius/EHA/2013/Raypur1409, complete genome",Nipah henipavirus,2649,2649,100%,0.0,93.09,18234,"=HYPERLINK(""https://www.ncbi.nlm.nih.gov/nucleotide/MK575067.1?report=genbank&log$=nucltop&blast_rank=35&RID=76C7Z6ET013"",""MK575067.1"")"
"Nipah henipavirus strain NiV/BD/P.medius/EHA/2013/Raypur1408, complete genome",Nipah henipavirus,2649,2649,100%,0.0,93.09,18234,"=HYPERLINK(""https://www.ncbi.nlm.nih.gov/nucleotide/MK575066.1?report=genbank&log$=nucltop&blast_rank=36&RID=76C7Z6ET013"",""MK575066.1"")"
"Nipah henipavirus strain NiV/BD/P.medius/EHA/2013/Raypur1406, complete genome",Nipah henipavirus,2649,2649,100%,0.0,93.09,18234,"=HYPERLINK(""https://www.ncbi.nlm.nih.gov/nucleotide/MK575065.1?report=genbank&log$=nucltop&blast_rank=37&RID=76C7Z6ET013"",""MK575065.1"")"
"Nipah henipavirus strain NiV/BD/P.medius/EHA/2013/Raypur1405, complete genome",Nipah henipavirus,2649,2649,100%,0.0,93.09,18234,"=HYPERLINK(""https://www.ncbi.nlm.nih.gov/nucleotide/MK575064.1?report=genbank&log$=nucltop&blast_rank=38&RID=76C7Z6ET013"",""MK575064.1"")"
"Nipah henipavirus strain NiV/BD/P.medius/EHA/2013/Raypur1403, complete genome",Nipah henipavirus,2649,2649,100%,0.0,93.09,18234,"=HYPERLINK(""https://www.ncbi.nlm.nih.gov/nucleotide/MK575062.1?report=genbank&log$=nucltop&blast_rank=39&RID=76C7Z6ET013"",""MK575062.1"")"
"Nipah henipavirus strain NiV/BD/P.medius/EHA/2013/Raypur1402, complete genome",Nipah henipavirus,2649,2649,100%,0.0,93.09,18234,"=HYPERLINK(""https://www.ncbi.nlm.nih.gov/nucleotide/MK575061.1?report=genbank&log$=nucltop&blast_rank=40&RID=76C7Z6ET013"",""MK575061.1"")"
"Nipah henipavirus strain NiV/BD/P.medius/EHA/2013/Raypur1401, complete genome",Nipah henipavirus,2649,2649,100%,0.0,93.09,18234,"=HYPERLINK(""https://www.ncbi.nlm.nih.gov/nucleotide/MK575060.1?report=genbank&log$=nucltop&blast_rank=41&RID=76C7Z6ET013"",""MK575060.1"")"
"Nipah henipavirus isolate 201601191, complete genome",Nipah henipavirus,2649,2649,100%,0.0,93.09,18208,"=HYPERLINK(""https://www.ncbi.nlm.nih.gov/nucleotide/MK673590.1?report=genbank&log$=nucltop&blast_rank=42&RID=76C7Z6ET013"",""MK673590.1"")"
"Nipah henipavirus isolate 201601187, complete genome",Nipah henipavirus,2649,2649,100%,0.0,93.09,18215,"=HYPERLINK(""https://www.ncbi.nlm.nih.gov/nucleotide/MK673589.1?report=genbank&log$=nucltop&blast_rank=43&RID=76C7Z6ET013"",""MK673589.1"")"
"Nipah henipavirus isolate 201601126, complete genome",Nipah henipavirus,2649,2649,100%,0.0,93.09,18229,"=HYPERLINK(""https://www.ncbi.nlm.nih.gov/nucleotide/MK673584.1?report=genbank&log$=nucltop&blast_rank=44&RID=76C7Z6ET013"",""MK673584.1"")"
"Nipah virus isolate Ind-Nipah-07-FG from India, complete genome",Nipah henipavirus,2649,2649,100%,0.0,93.09,18252,"=HYPERLINK(""https://www.ncbi.nlm.nih.gov/nucleotide/FJ513078.1?report=genbank&log$=nucltop&blast_rank=45&RID=76C7Z6ET013"",""FJ513078.1"")"
"Nipah henipavirus strain NiV/BD/P.medius/EHA/2013/Sylhet191, complete genome",Nipah henipavirus,2643,2643,100%,0.0,93.03,18234,"=HYPERLINK(""https://www.ncbi.nlm.nih.gov/nucleotide/MK575070.1?report=genbank&log$=nucltop&blast_rank=46&RID=76C7Z6ET013"",""MK575070.1"")"
"Nipah henipavirus strain NiV/BD/P.medius/EHA/2013/Raypur1411, complete genome",Nipah henipavirus,2643,2643,100%,0.0,93.03,18234,"=HYPERLINK(""https://www.ncbi.nlm.nih.gov/nucleotide/MK575069.1?report=genbank&log$=nucltop&blast_rank=47&RID=76C7Z6ET013"",""MK575069.1"")"
"Nipah henipavirus strain NiV/BD/P.medius/EHA/2013/Raypur1404, complete genome",Nipah henipavirus,2643,2643,100%,0.0,93.03,18227,"=HYPERLINK(""https://www.ncbi.nlm.nih.gov/nucleotide/MK575063.1?report=genbank&log$=nucltop&blast_rank=48&RID=76C7Z6ET013"",""MK575063.1"")"
"Nipah henipavirus isolate 201206325, complete genome",Nipah henipavirus,2643,2643,100%,0.0,93.03,18237,"=HYPERLINK(""https://www.ncbi.nlm.nih.gov/nucleotide/MK673582.1?report=genbank&log$=nucltop&blast_rank=49&RID=76C7Z6ET013"",""MK673582.1"")"
"Nipah henipavirus isolate 201206119, complete genome",Nipah henipavirus,2643,2643,100%,0.0,93.03,18235,"=HYPERLINK(""https://www.ncbi.nlm.nih.gov/nucleotide/MK673578.1?report=genbank&log$=nucltop&blast_rank=50&RID=76C7Z6ET013"",""MK673578.1"")"
"Nipah henipavirus isolate 201206312, complete genome",Nipah henipavirus,2638,2638,100%,0.0,92.98,18223,"=HYPERLINK(""https://www.ncbi.nlm.nih.gov/nucleotide/MK673579.1?report=genbank&log$=nucltop&blast_rank=51&RID=76C7Z6ET013"",""MK673579.1"")"
"Nipah virus isolate NIVBGD2008MANIKGONJ, complete genome",Nipah henipavirus,2638,2638,100%,0.0,92.98,18252,"=HYPERLINK(""https://www.ncbi.nlm.nih.gov/nucleotide/JN808857.1?report=genbank&log$=nucltop&blast_rank=52&RID=76C7Z6ET013"",""JN808857.1"")"
"Nipah henipavirus isolate 201200973, complete genome",Nipah henipavirus,2632,2632,100%,0.0,92.92,18237,"=HYPERLINK(""https://www.ncbi.nlm.nih.gov/nucleotide/MK673576.1?report=genbank&log$=nucltop&blast_rank=53&RID=76C7Z6ET013"",""MK673576.1"")"
"Nipah henipavirus isolate 201601231, complete genome",Nipah henipavirus,2627,2627,100%,0.0,92.87,18157,"=HYPERLINK(""https://www.ncbi.nlm.nih.gov/nucleotide/MK673591.1?report=genbank&log$=nucltop&blast_rank=54&RID=76C7Z6ET013"",""MK673591.1"")"
"Nipah henipavirus isolate 201601161, partial genome",Nipah henipavirus,2627,2627,100%,0.0,92.87,18119,"=HYPERLINK(""https://www.ncbi.nlm.nih.gov/nucleotide/MK673588.1?report=genbank&log$=nucltop&blast_rank=55&RID=76C7Z6ET013"",""MK673588.1"")"
"Nipah henipavirus isolate 201206316, complete genome",Nipah henipavirus,2627,2627,100%,0.0,92.87,18235,"=HYPERLINK(""https://www.ncbi.nlm.nih.gov/nucleotide/MK673581.1?report=genbank&log$=nucltop&blast_rank=56&RID=76C7Z6ET013"",""MK673581.1"")"
"Nipah henipavirus isolate 201601241, complete genome",Nipah henipavirus,2621,2621,100%,0.0,92.81,18234,"=HYPERLINK(""https://www.ncbi.nlm.nih.gov/nucleotide/MK673592.1?report=genbank&log$=nucltop&blast_rank=57&RID=76C7Z6ET013"",""MK673592.1"")"
"Nipah henipavirus isolate 201200938, complete genome",Nipah henipavirus,2621,2621,100%,0.0,92.81,18238,"=HYPERLINK(""https://www.ncbi.nlm.nih.gov/nucleotide/MK673575.1?report=genbank&log$=nucltop&blast_rank=58&RID=76C7Z6ET013"",""MK673575.1"")"
"Nipah henipavirus isolate 812001, complete genome",Nipah henipavirus,2621,2621,100%,0.0,92.81,18231,"=HYPERLINK(""https://www.ncbi.nlm.nih.gov/nucleotide/MK673570.1?report=genbank&log$=nucltop&blast_rank=59&RID=76C7Z6ET013"",""MK673570.1"")"
"Nipah henipavirus isolate NiV/TH/P.lylei/2017/B17640.GUL, complete genome",Nipah henipavirus,2615,2615,100%,0.0,92.77,18236,"=HYPERLINK(""https://www.ncbi.nlm.nih.gov/nucleotide/MW535746.1?report=genbank&log$=nucltop&blast_rank=60&RID=76C7Z6ET013"",""MW535746.1"")"
"Nipah henipavirus isolate 201601136, complete genome",Nipah henipavirus,2615,2615,100%,0.0,92.76,18245,"=HYPERLINK(""https://www.ncbi.nlm.nih.gov/nucleotide/MK673585.1?report=genbank&log$=nucltop&blast_rank=61&RID=76C7Z6ET013"",""MK673585.1"")"
"Nipah henipavirus isolate 201302591, complete genome",Nipah henipavirus,2615,2615,100%,0.0,92.76,18197,"=HYPERLINK(""https://www.ncbi.nlm.nih.gov/nucleotide/MK673583.1?report=genbank&log$=nucltop&blast_rank=62&RID=76C7Z6ET013"",""MK673583.1"")"
"Nipah henipavirus isolate MCL-19-BAT-574-4, partial genome",Nipah henipavirus,2612,2612,100%,0.0,92.65,18131,"=HYPERLINK(""https://www.ncbi.nlm.nih.gov/nucleotide/MN549403.1?report=genbank&log$=nucltop&blast_rank=63&RID=76C7Z6ET013"",""MN549403.1"")"
"Nipah henipavirus strain MCL-18-H-1088, complete genome",Nipah henipavirus,2610,2610,100%,0.0,92.70,18242,"=HYPERLINK(""https://www.ncbi.nlm.nih.gov/nucleotide/MH523642.1?report=genbank&log$=nucltop&blast_rank=64&RID=76C7Z6ET013"",""MH523642.1"")"
"Nipah henipavirus strain MCL-18-H-1209, complete genome",Nipah henipavirus,2610,2610,100%,0.0,92.70,18027,"=HYPERLINK(""https://www.ncbi.nlm.nih.gov/nucleotide/MH523641.1?report=genbank&log$=nucltop&blast_rank=65&RID=76C7Z6ET013"",""MH523641.1"")"
"Nipah henipavirus strain MCL-18-H-1197, complete genome",Nipah henipavirus,2610,2610,100%,0.0,92.70,18132,"=HYPERLINK(""https://www.ncbi.nlm.nih.gov/nucleotide/MH523640.1?report=genbank&log$=nucltop&blast_rank=66&RID=76C7Z6ET013"",""MH523640.1"")"
"Nipah henipavirus strain MCL-18-H-1088, complete genome",Nipah henipavirus,2610,2610,100%,0.0,92.70,18210,"=HYPERLINK(""https://www.ncbi.nlm.nih.gov/nucleotide/MH396625.1?report=genbank&log$=nucltop&blast_rank=67&RID=76C7Z6ET013"",""MH396625.1"")"
"Nipah henipavirus strain NIV1854542, partial genome",Nipah henipavirus,2610,2610,100%,0.0,92.70,18233,"=HYPERLINK(""https://www.ncbi.nlm.nih.gov/nucleotide/MK336156.1?report=genbank&log$=nucltop&blast_rank=68&RID=76C7Z6ET013"",""MK336156.1"")"
"Nipah henipavirus strain NIV1854542, partial genome",Nipah henipavirus,2610,2610,100%,0.0,92.70,18211,"=HYPERLINK(""https://www.ncbi.nlm.nih.gov/nucleotide/MK336155.1?report=genbank&log$=nucltop&blast_rank=69&RID=76C7Z6ET013"",""MK336155.1"")"
"Nipah henipavirus isolate 201601144, complete genome",Nipah henipavirus,2608,2608,99%,0.0,92.87,18170,"=HYPERLINK(""https://www.ncbi.nlm.nih.gov/nucleotide/MK673587.1?report=genbank&log$=nucltop&blast_rank=70&RID=76C7Z6ET013"",""MK673587.1"")"
"Nipah henipavirus isolate MCL-19-BAT-572-5, partial genome",Nipah henipavirus,2604,2604,100%,0.0,92.65,18124,"=HYPERLINK(""https://www.ncbi.nlm.nih.gov/nucleotide/MN549411.1?report=genbank&log$=nucltop&blast_rank=71&RID=76C7Z6ET013"",""MN549411.1"")"
"Nipah henipavirus isolate MCL-19-BAT-572-7, complete genome",Nipah henipavirus,2604,2604,100%,0.0,92.65,18172,"=HYPERLINK(""https://www.ncbi.nlm.nih.gov/nucleotide/MN549409.1?report=genbank&log$=nucltop&blast_rank=72&RID=76C7Z6ET013"",""MN549409.1"")"
"Nipah henipavirus isolate MCL-19-BAT-574-6, partial genome",Nipah henipavirus,2580,2580,98%,0.0,92.86,18130,"=HYPERLINK(""https://www.ncbi.nlm.nih.gov/nucleotide/MN549404.1?report=genbank&log$=nucltop&blast_rank=73&RID=76C7Z6ET013"",""MN549404.1"")"
"Nipah henipavirus isolate MCL-19-BAT-574-8, partial genome",Nipah henipavirus,2481,2481,96%,0.0,92.19,18132,"=HYPERLINK(""https://www.ncbi.nlm.nih.gov/nucleotide/MN549402.1?report=genbank&log$=nucltop&blast_rank=74&RID=76C7Z6ET013"",""MN549402.1"")"
"Nipah henipavirus glycoprotein (G) gene, partial cds",Nipah henipavirus,1729,1729,67%,0.0,92.09,1227,"=HYPERLINK(""https://www.ncbi.nlm.nih.gov/nucleotide/MH891777.1?report=genbank&log$=nucltop&blast_rank=75&RID=76C7Z6ET013"",""MH891777.1"")"
"Nipah henipavirus isolate 201601138, complete genome",Nipah henipavirus,1670,1670,65%,0.0,92.20,18165,"=HYPERLINK(""https://www.ncbi.nlm.nih.gov/nucleotide/MK673586.1?report=genbank&log$=nucltop&blast_rank=76&RID=76C7Z6ET013"",""MK673586.1"")"
"Nipah henipavirus isolate 201206313, complete genome",Nipah henipavirus,1570,2330,88%,0.0,91.64,18234,"=HYPERLINK(""https://www.ncbi.nlm.nih.gov/nucleotide/MK673580.1?report=genbank&log$=nucltop&blast_rank=77&RID=76C7Z6ET013"",""MK673580.1"")"
"Nipah henipavirus isolate MCL-19-BAT-572-10, partial genome",Nipah henipavirus,1437,2517,95%,0.0,93.08,18125,"=HYPERLINK(""https://www.ncbi.nlm.nih.gov/nucleotide/MN549405.1?report=genbank&log$=nucltop&blast_rank=78&RID=76C7Z6ET013"",""MN549405.1"")"
"Nipah henipavirus isolate MCL-19-BAT-572-9, partial genome",Nipah henipavirus,1428,2341,87%,0.0,93.29,18132,"=HYPERLINK(""https://www.ncbi.nlm.nih.gov/nucleotide/MN549406.1?report=genbank&log$=nucltop&blast_rank=79&RID=76C7Z6ET013"",""MN549406.1"")"
"Nipah virus glycoprotein (G) gene, partial cds",Nipah henipavirus,1363,1363,52%,0.0,92.53,954,"=HYPERLINK(""https://www.ncbi.nlm.nih.gov/nucleotide/JF899340.1?report=genbank&log$=nucltop&blast_rank=80&RID=76C7Z6ET013"",""JF899340.1"")"
"Nipah henipavirus isolate MCL-19-BAT-574-7, partial genome",Nipah henipavirus,1214,2088,79%,0.0,92.83,17815,"=HYPERLINK(""https://www.ncbi.nlm.nih.gov/nucleotide/MN549410.1?report=genbank&log$=nucltop&blast_rank=81&RID=76C7Z6ET013"",""MN549410.1"")"
"Nipah henipavirus isolate MCL-19-BAT-574-5, partial genome",Nipah henipavirus,1199,2433,91%,0.0,93.05,18131,"=HYPERLINK(""https://www.ncbi.nlm.nih.gov/nucleotide/MN549408.1?report=genbank&log$=nucltop&blast_rank=82&RID=76C7Z6ET013"",""MN549408.1"")"
"Nipah henipavirus isolate MCL-19-BAT-572-6, partial genome",Nipah henipavirus,1195,1849,70%,0.0,92.56,17813,"=HYPERLINK(""https://www.ncbi.nlm.nih.gov/nucleotide/MN549407.1?report=genbank&log$=nucltop&blast_rank=83&RID=76C7Z6ET013"",""MN549407.1"")"



		


